total_sales,total_profit,profit_margin,total_transactions
322966.749,15379.368999999999,4.761904761904762,1000
